{
  "marketing_stripe": {
    "text": "Frete Grátis para compras acima de 100 reais",
    "link": "",
    "background": "#eeeeee",
    "color": "#8c7809"
  },
  "contacts_stripe": {
    "pages": [],
    "phone_wpp": true,
    "socials": true
  },
  "categories_list": {
    "featured": [
      "/promocoes?PROMOÇÕES",
      "/pizzas-low-carb?Pizzas Low Carb",
      "/salgados-fits?Salgados Fits",
      "/doces-fits?Doces Fits",
      "/snaks?Snaks",
      "/pastas-e-geleias?Pastas e Geleias",
      "/a-granel?A Granel",
      "/alimentos-saudaveis?Alimentos Saudáveis",
      "/paes?Pães",
      "/bebidas?Bebidas",
      "/suplementos?Suplementos"
    ],
    "random": 0,
    "full_width": true
  },
  "desktop_megamenu": true,
  "search_input": true
}