{
  "meta_title": "",
  "meta_description": "",
  "sections": [
    {
      "type": "banner-slider",
      "autoplay": 9000,
      "full_width": true,
      "slides": [
        {
          "img": "/img/uploads/banner1.webp",
          "link": "/headset",
          "alt": "Headset banner",
          "start": "",
          "end": "",
          "mobile_img": "/img/uploads/banner1.webp"
        },
        {
          "img": "/img/uploads/banner2.webp",
          "alt": "Banner sample two",
          "start": "",
          "end": "",
          "mobile_img": "/img/uploads/banner2.webp"
        }
      ]
    },
    {
      "type": "responsive-banner",
      "img": "/img/uploads/barr.webp",
      "mobile_img": "/img/uploads/barr.webp"
    },
    {
      "type": "collection-shelf",
      "shuffle": true,
      "collection_id": null,
      "sort": "news",
      "title": "Últimos adicionados",
      "headless": false,
      "limit": 12,
      "page": 1
    },
    {
      "type": "collection-shelf",
      "shuffle": true,
      "limit": 12,
      "page": 1,
      "sort": "sales"
    },
    {
      "type": "collection-shelf",
      "shuffle": true,
      "limit": 12,
      "page": 1,
      "sort": "offers",
      "title": "PROMOÇÕES"
    },
    {
      "type": "responsive-banner",
      "img": "/img/uploads/banner.png",
      "link": "https://www.instagram.com/taofitbh/"
    }
  ]
}